{
  "$type": "System.Collections.Generic.Dictionary`2[[System.Guid, mscorlib],[DHI.Services.Logging.LogEntry, DHI.Services]], mscorlib",
  "22199df3-2431-4184-abea-7af85fb28606": {
    "$type": "DHI.Services.Logging.LogEntry, DHI.Services",
    "Id": "22199df3-2431-4184-abea-7af85fb28606",
    "DateTime": "2020-11-14T15:31:14.3148816+10:00",
    "LogLevel": "Error",
    "Source": "my-source",
    "Tag": "my-tag",
    "MachineName": "my-machine",
    "Text": "first error"
  },
  "540b4213-4579-4b40-b4f7-fc18f42e0774": {
    "$type": "DHI.Services.Logging.LogEntry, DHI.Services",
    "Id": "540b4213-4579-4b40-b4f7-fc18f42e0774",
    "DateTime": "2020-11-15T15:31:14.6268688+10:00",
    "LogLevel": "Error",
    "Source": "my-other-source",
    "Tag": "my-tag",
    "MachineName": "my-machine",
    "Text": "second error"
  },
  "79f26647-a15b-44f1-91be-d2253565a0ec": {
    "$type": "DHI.Services.Logging.LogEntry, DHI.Services",
    "Id": "79f26647-a15b-44f1-91be-d2253565a0ec",
    "DateTime": "2020-11-15T15:31:14.7358704+10:00",
    "LogLevel": "Information",
    "Source": "my-other-source",
    "Tag": "my-tag",
    "MachineName": "my-machine",
    "Text": "first info"
  },
  "4ba74e41-9011-458a-aaa9-d4911ae227e5": {
    "$type": "DHI.Services.Logging.LogEntry, DHI.Services",
    "Id": "4ba74e41-9011-458a-aaa9-d4911ae227e5",
    "DateTime": "2020-11-16T15:31:14.7428665+10:00",
    "LogLevel": "Error",
    "Source": "my-source",
    "Tag": "my-tag",
    "MachineName": "my-machine",
    "Text": "third error"
  },
  "0c7f5e6a-9b0e-4df4-999d-663e2c0ca552": {
    "$type": "DHI.Services.Logging.LogEntry, DHI.Services",
    "Id": "0c7f5e6a-9b0e-4df4-999d-663e2c0ca552",
    "DateTime": "2020-11-16T15:31:14.7498682+10:00",
    "LogLevel": "Information",
    "Source": "my-other-source",
    "Tag": "my-tag",
    "MachineName": "my-machine",
    "Text": "second info"
  }
}